{
  "emitters": [
    {
      "blendState": "Additive",
      "frequency": {
        "min": 0.0,
        "max": 5.0
      },
      "lifeTime": {
        "min": 60.0,
        "max": 860.0
      },
      "startColor": {
        "min": {
          "B": 0,
          "G": 0,
          "R": 255,
          "A": 255
        },
        "max": {
          "B": 64,
          "G": 128,
          "R": 255,
          "A": 255
        }
      },
      "endColor": {
        "min": {
          "B": 0,
          "G": 0,
          "R": 0,
          "A": 0
        },
        "max": {
          "B": 0,
          "G": 0,
          "R": 0,
          "A": 0
        }
      },
      "position": {
        "min": {
          "X": 0.0,
          "Y": 0.0
        },
        "max": {
          "X": 0.0,
          "Y": 0.0
        }
      },
      "velocity": {
        "min": {
          "X": -0.01,
          "Y": -0.01
        },
        "max": {
          "X": 0.01,
          "Y": -0.01
        }
      },
      "startScale": {
        "min": {
          "X": 0.3,
          "Y": 0.3
        },
        "max": {
          "X": 0.8,
          "Y": 0.8
        }
      },
      "endScale": {
        "min": {
          "X": 2.0,
          "Y": 2.0
        },
        "max": {
          "X": 3.0,
          "Y": 3.0
        }
      },
      "gravity": {
        "force": {
          "X": 0.0,
          "Y": 0.0
        }
      },
      "rotation": {
        "min": 0.0,
        "max": 10.0
      },
      "sources": [
        0,
        5,
        7
      ],
      "loop": false,
      "capacity": 64,
      "Name": ""
    }
  ],
  "Name": ""
}